verse,start_ms,end_ms,transliteration,notes
1,4420,10840,dhṛtarāṣṭra uvāca . dharmakṣetre kurukṣetre samavetā yuyutsavaḥ . māmakāḥ pāṇḍavāścaiva kimakurvata sañjaya ||1-1||,suggested; review before export
2,11470,23940,sañjaya uvāca . dṛṣṭvā tu pāṇḍavānīkaṃ vyūḍhaṃ duryodhanastadā . ācāryamupasaṃgamya rājā vacanamabravīt ||1-2||,suggested; review before export
3,24880,37800,paśyaitāṃ pāṇḍuputrāṇāmācārya mahatīṃ camūm . vyūḍhāṃ drupadaputreṇa tava śiṣyeṇa dhīmatā ||1-3||,suggested; review before export
4,37980,48710,atra śūrā maheṣvāsā bhīmārjunasamā yudhi . yuyudhāno virāṭaśca drupadaśca mahārathaḥ ||1-4||,suggested; review before export
5,49180,51850,dhṛṣṭaketuścekitānaḥ kāśirājaśca vīryavān . purujitkuntibhojaśca śaibyaśca narapuṃgavaḥ ||1-5||,suggested; review before export
6,53330,424260,yudhāmanyuśca vikrānta uttamaujāśca vīryavān . saubhadro draupadeyāśca sarva eva mahārathāḥ ||1-6||,suggested; review before export
7,425120,429530,asmākaṃ tu viśiṣṭā ye tānnibodha dvijottama . nāyakā mama sainyasya saṃjñārthaṃ tānbravīmi te ||1-7||,suggested; review before export
8,429910,632680,bhavānbhīṣmaśca karṇaśca kṛpaśca samitiñjayaḥ . aśvatthāmā vikarṇaśca saumadattistathaiva ca ||1-8||,suggested; review before export
9,633640,639780,anye ca bahavaḥ śūrā madarthe tyaktajīvitāḥ . nānāśastrapraharaṇāḥ sarve yuddhaviśāradāḥ ||1-9||,suggested; review before export
10,640470,647060,aparyāptaṃ tadasmākaṃ balaṃ bhīṣmābhirakṣitam . paryāptaṃ tvidameteṣāṃ balaṃ bhīmābhirakṣitam ||1-10||,suggested; review before export
11,647200,679680,ayaneṣu ca sarveṣu yathābhāgamavasthitāḥ . bhīṣmamevābhirakṣantu bhavantaḥ sarva eva hi ||1-11||,suggested; review before export
12,680560,684950,tasya sañjanayanharṣaṃ kuruvṛddhaḥ pitāmahaḥ . siṃhanādaṃ vinadyoccaiḥ śaṅkhaṃ dadhmau pratāpavān ||1-12||,suggested; review before export
13,685350,706400,tataḥ śaṅkhāśca bheryaśca paṇavānakagomukhāḥ . sahasaivābhyahanyanta sa śabdastumulo.abhavat ||1-13||,suggested; review before export
14,706750,724030,tataḥ śvetairhayairyukte mahati syandane sthitau . mādhavaḥ pāṇḍavaścaiva divyau śaṅkhau pradadhmatuḥ ||1-14||,suggested; review before export
15,724610,727220,pāñcajanyaṃ hṛṣīkeśo devadattaṃ dhanañjayaḥ . pauṇḍraṃ dadhmau mahāśaṅkhaṃ bhīmakarmā vṛkodaraḥ ||1-15||,suggested; review before export
16,727520,734820,anantavijayaṃ rājā kuntīputro yudhiṣṭhiraḥ . nakulaḥ sahadevaśca sughoṣamaṇipuṣpakau ||1-16||,suggested; review before export
17,735290,737660,kāśyaśca parameṣvāsaḥ śikhaṇḍī ca mahārathaḥ . dhṛṣṭadyumno virāṭaśca sātyakiścāparājitaḥ ||1-17||,suggested; review before export
18,738860,762460,drupado draupadeyāśca sarvaśaḥ pṛthivīpate . saubhadraśca mahābāhuḥ śaṅkhāndadhmuḥ pṛthakpṛthak ||1-18||,suggested; review before export
19,763090,819540,sa ghoṣo dhārtarāṣṭrāṇāṃ hṛdayāni vyadārayat . nabhaśca pṛthivīṃ caiva tumulo.abhyanunādayan (lo vyanu)||1-19||,suggested; review before export
20,820190,825540,atha vyavasthitāndṛṣṭvā dhārtarāṣṭrān kapidhvajaḥ . pravṛtte śastrasampāte dhanurudyamya pāṇḍavaḥ ||1-20||,suggested; review before export
21,826500,830110,hṛṣīkeśaṃ tadā vākyamidamāha mahīpate . arjuna uvāca . senayorubhayormadhye rathaṃ sthāpaya me.acyuta ||1-21||,suggested; review before export
22,830230,831510,yāvadetānnirikṣe.ahaṃ yoddhukāmānavasthitān . kairmayā saha yoddhavyamasmin raṇasamudyame ||1-22||,suggested; review before export
23,835270,837630,yotsyamānānavekṣe.ahaṃ ya ete.atra samāgatāḥ . dhārtarāṣṭrasya durbuddheryuddhe priyacikīrṣavaḥ ||1-23||,suggested; review before export
24,838420,861110,sañjaya uvāca . evamukto hṛṣīkeśo guḍākeśena bhārata . senayorubhayormadhye sthāpayitvā rathottamam ||1-24||,suggested; review before export
25,861780,866890,bhīṣmadroṇapramukhataḥ sarveṣāṃ ca mahīkṣitām . uvāca pārtha paśyaitānsamavetānkurūniti ||1-25||,suggested; review before export
26,868040,897140,tatrāpaśyatsthitānpārthaḥ pitṝnatha pitāmahān . ācāryānmātulānbhrātṛnputrānpautrānsakhīṃstathā ||1-26||,suggested; review before export
27,897650,936580,śvaśurānsuhṛdaścaiva senayorubhayorapi . tānsamīkṣya sa kaunteyaḥ sarvānbandhūnavasthitān ||1-27||,suggested; review before export
28,937140,938020,kṛpayā parayāviṣṭo viṣīdannidamabravīt . arjuna uvāca . dṛṣṭvemaṃ svajanaṃ kṛṣṇa yuyutsuṃ samupasthitam ||1-28||,suggested; review before export
29,938690,939970,sīdanti mama gātrāṇi mukhaṃ ca pariśuṣyati . vepathuśca śarīre me romaharṣaśca jāyate ||1-29||,suggested; review before export
30,940630,942880,gāṇḍīvaṃ sraṃsate hastāttvakcaiva paridahyate . na ca śaknomyavasthātuṃ bhramatīva ca me manaḥ ||1-30||,suggested; review before export
31,943470,947280,nimittāni ca paśyāmi viparītāni keśava . na ca śreyo.anupaśyāmi hatvā svajanamāhave ||1-31||,suggested; review before export
32,947650,1108970,na kāṅkṣe vijayaṃ kṛṣṇa na ca rājyaṃ sukhāni ca . kiṃ no rājyena govinda kiṃ bhogairjīvitena vā ||1-32||,suggested; review before export
33,1109910,1112580,yeṣāmarthe kāṅkṣitaṃ no rājyaṃ bhogāḥ sukhāni ca . ta ime.avasthitā yuddhe prāṇāṃstyaktvā dhanāni ca ||1-33||,suggested; review before export
34,1112790,1115370,ācāryāḥ pitaraḥ putrāstathaiva ca pitāmahāḥ . mātulāḥ śvaśurāḥ pautrāḥ śyālāḥ sambandhinastathā ||1-34||,suggested; review before export
35,1115780,1120690,etānna hantumicchāmi ghnato.api madhusūdana . api trailokyarājyasya hetoḥ kiṃ nu mahīkṛte ||1-35||,suggested; review before export
36,1121000,1122530,nihatya dhārtarāṣṭrānnaḥ kā prītiḥ syājjanārdana . pāpamevāśrayedasmānhatvaitānātatāyinaḥ ||1-36||,suggested; review before export
37,1122890,1127450,tasmānnārhā vayaṃ hantuṃ dhārtarāṣṭrānsvabāndhavān . svajanaṃ hi kathaṃ hatvā sukhinaḥ syāma mādhava ||1-37||,suggested; review before export
38,1127770,1133190,yadyapyete na paśyanti lobhopahatacetasaḥ . kulakṣayakṛtaṃ doṣaṃ mitradrohe ca pātakam ||1-38||,suggested; review before export
39,1133740,1153950,kathaṃ na jñeyamasmābhiḥ pāpādasmānnivartitum . kulakṣayakṛtaṃ doṣaṃ prapaśyadbhirjanārdana ||1-39||,suggested; review before export
40,1154300,1178090,kulakṣaye praṇaśyanti kuladharmāḥ sanātanāḥ . dharme naṣṭe kulaṃ kṛtsnamadharmo.abhibhavatyuta ||1-40||,suggested; review before export
41,1178480,1216950,adharmābhibhavātkṛṣṇa praduṣyanti kulastriyaḥ . strīṣu duṣṭāsu vārṣṇeya jāyate varṇasaṅkaraḥ ||1-41||,suggested; review before export
42,1217500,1626680,saṅkaro narakāyaiva kulaghnānāṃ kulasya ca . patanti pitaro hyeṣāṃ luptapiṇḍodakakriyāḥ ||1-42||,suggested; review before export
43,1627070,1628740,doṣairetaiḥ kulaghnānāṃ varṇasaṅkarakārakaiḥ . utsādyante jātidharmāḥ kuladharmāśca śāśvatāḥ ||1-43||,suggested; review before export
44,1631680,1632590,utsannakuladharmāṇāṃ manuṣyāṇāṃ janārdana . narake niyataṃ vāso bhavatītyanuśuśruma ||1-44||,suggested; review before export
45,1636240,1639110,aho bata mahatpāpaṃ kartuṃ vyavasitā vayam . yadrājyasukhalobhena hantuṃ svajanamudyatāḥ ||1-45||,suggested; review before export
46,1639360,1673530,yadi māmapratīkāramaśastraṃ śastrapāṇayaḥ . dhārtarāṣṭrā raṇe hanyustanme kṣemataraṃ bhavet ||1-46||,suggested; review before export
47,1674880,1698350,sañjaya uvāca . evamuktvārjunaḥ saṅkhye rathopastha upāviśat . visṛjya saśaraṃ cāpaṃ śokasaṃvignamānasaḥ ||1-47||,suggested; review before export
